{"cameraMode":{"drawMode":0,"name":"Shaded","section":"Shading Mode"},"sceneLighting":true,"audioPlay":false,"sceneViewState":{"m_AlwaysRefresh":false,"showFog":true,"showSkybox":true,"showFlares":true,"showImageEffects":true,"showParticleSystems":true,"showVisualEffectGraphs":true,"m_FxEnabled":true},"in2DMode":false,"pivot":{"x":-0.11514966934919357,"y":1.826591968536377,"z":-0.09305668622255326},"rotation":{"x":0.01265660859644413,"y":0.9872547388076782,"z":0.11873240768909455,"w":-0.10524126142263413},"size":0.473086416721344,"orthographic":false}